,text,created_at,tweet_id,user_id,user_name,user_location,user_description
0,"RT @RailMinIndia: Enhancing safety of Rolling Stocks &amp; Train Operations!

Development of Coach Maintenance Facilities at Aurangabad &amp; Jalna‚Ä¶",2022-10-04 11:31:06+00:00,1577260013730508800,810824297103036416,RPF post Marripalem,,
1,RT @RailMinIndia: ‡§ï‡•ç‡§∞‡§æ‡§Ç‡§§‡§ø‡§ï‡§æ‡§∞‡•Ä ‡§ó‡§§‡§ø‡§µ‡§ø‡§ß‡§ø‡§Ø‡•ã‡§Ç ‡§è‡§µ‡§Ç ‡§∞‡§æ‡§∑‡•ç‡§ü‡•ç‡§∞‡§µ‡§æ‡§¶‡•Ä ‡§µ‡§ø‡§ö‡§æ‡§∞‡•ã‡§Ç ‡§∏‡•á ‡§Ü‡§ú‡§æ‡§¶‡•Ä ‡§ï‡•Ä ‡§≤‡§°‡§º‡§æ‡§à ‡§ï‡•ã ‡§®‡§à ‡§ó‡§§‡§ø ‡§™‡•ç‡§∞‡§¶‡§æ‡§® ‡§ï‡§∞‡§®‡•á ‡§µ‡§æ‡§≤‡•á ‡§∏‡•ç‡§µ‡§§‡§Ç‡§§‡•ç‡§∞‡§§‡§æ ‡§∏‡•á‡§®‡§æ‡§®‡•Ä ‡§î‡§∞ ‡§≤‡•á‡§ñ‡§ï‚Ä¶,2022-10-04 11:31:04+00:00,1577260005329289216,3302123156,DRM Solapur,,
2,RT @Himansh09605240: @sudhirbishnoi_ @AshwiniVaishnaw @RailMinIndia Please clear all waiting candidates of cen1/2018 Technician,2022-10-04 11:30:42+00:00,1577259915642445825,1486717593389961222,Umesh Kumar,,Berojgar
3,RT @vijaykumawat_88: @sudhirbishnoi_ @AshwiniVaishnaw @RailMinIndia @GM_NRly @RailMinIndia @AshwiniVaishnaw @manojkjhadu @JaskaurBJP @Sadhv‚Ä¶,2022-10-04 11:30:40+00:00,1577259905676849152,1486717593389961222,Umesh Kumar,,Berojgar
4,"RT @RailMinIndia: Modern Outlook &amp; Contemporary Style! 

All stations of the @NHSRCL Project will reflect the spirit of each city, designed‚Ä¶",2022-10-04 11:30:37+00:00,1577259894562246657,3302123156,DRM Solapur,,
5,RT @Rakesh46241399: @sudhirbishnoi_ @AshwiniVaishnaw @RailMinIndia Rrb Mumbai me 339 candidate waiting me hai or dimand abhi 777 hai .koi b‚Ä¶,2022-10-04 11:30:36+00:00,1577259890417901569,1486717593389961222,Umesh Kumar,,Berojgar
6,"RT @Ak95708495Kumar: @sudhirbishnoi_ @AshwiniVaishnaw @RailMinIndia Thanks sir
#technician üôèüôèüôè",2022-10-04 11:30:31+00:00,1577259867336630272,1486717593389961222,Umesh Kumar,,Berojgar
7,RT @MayaMahawar: @sudhirbishnoi_ @AshwiniVaishnaw @RailMinIndia All waiting clear karo sir please,2022-10-04 11:30:27+00:00,1577259853491228672,1486717593389961222,Umesh Kumar,,Berojgar
8,"RT @vijaykumawat_88: @sudhirbishnoi_ @AshwiniVaishnaw @RailMinIndia Justice for technician CEN 01/2018
@GM_NRly @RailMinIndia @AshwiniVaish‚Ä¶",2022-10-04 11:30:25+00:00,1577259843269713921,1486717593389961222,Umesh Kumar,,Berojgar
9,RT @RailMinIndia: Varanasi Junction Railway Station has been certified with ISO 14001:2015 'Environment Management System' for providing pa‚Ä¶,2022-10-04 11:30:25+00:00,1577259842212806656,1567774581649461248,rpficbg,"Bhongir, India",
10,RT @SitamberAli: @sudhirbishnoi_ @AshwiniVaishnaw @RailMinIndia Sir please üôèüôè sir hamari jindagi ka sawaal hai kuch kariye AAP hi hamare fu‚Ä¶,2022-10-04 11:30:21+00:00,1577259825192239105,1486717593389961222,Umesh Kumar,,Berojgar
11,RT @LalanKu80497516: @sudhirbishnoi_ @AshwiniVaishnaw @RailMinIndia Please sir hamlog ka waiting clear kare100%tecnician cen01/2018,2022-10-04 11:30:17+00:00,1577259811460108288,1486717593389961222,Umesh Kumar,,Berojgar
12,"RT @Munnaku90057679: @sudhirbishnoi_ @AshwiniVaishnaw @RailMinIndia @RadhamohanBJP @manojkjhadu @nitin_gadkari 
‡§∏‡§æ‡§π‡§¨ 4 ‡§∏‡§æ‡§≤ ‡§∏‡•á ‡§∂‡§∞‡•ç‡§Æ‡§ø‡§Ç‡§¶‡§æ ‡§π‡•Å,‚Ä¶",2022-10-04 11:30:14+00:00,1577259798009024512,1486717593389961222,Umesh Kumar,,Berojgar
13,RT @The24_news: @scrstandby1 @sudhirbishnoi_ @AshwiniVaishnaw @RailMinIndia ‡§∞‡•ã‡§π‡§ø‡§Ç‡§ó‡•ç‡§Ø‡§æ ‡§™‡§∞ ‡§§‡•ã NRC ‡§≤‡§æ‡§ó‡•Ç ‡§®‡§π‡•Ä ‡§ï‡§∞ ‡§™‡§æ ‡§∞‡§π‡•á ‡§¨‡•Ä‡§ú‡•á‡§™‡•Ä ‡§®‡•á ‡§∏‡•ã‡§ö‡§æ ‡§≤‡§ó‡•á ‡§π‡§æ‡§•‡•ã‚Ä¶,2022-10-04 11:30:10+00:00,1577259781366030336,1486717593389961222,Umesh Kumar,,Berojgar
14,RT @scrstandby1: @sudhirbishnoi_ @AshwiniVaishnaw @RailMinIndia #JUSTICE_FOR_TECHNICIAN ‡§∞‡•á‡§≤‡§µ‡•á ‡§Æ‡§Ç‡§§‡•ç‡§∞‡§æ‡§≤‡§Ø ‡§∏‡•á ‡§ï‡•á‡§µ‡§≤ ‡§π‡§Æ‡§æ‡§∞‡•Ä ‡§Ø‡§π‡•Ä ‡§ó‡•Å‡§ú‡§æ‡§∞‡§ø‡§∂ ‡§π‡•à ‡§ï‡§ø ‡§π‡§Æ‚Ä¶,2022-10-04 11:30:07+00:00,1577259769429053440,1486717593389961222,Umesh Kumar,,Berojgar
15,RT @Chandangupta919: @sudhirbishnoi_ @AshwiniVaishnaw @RailMinIndia ‡§∏‡§∞ ‡§ú‡•Ä ‡§π‡§Æ ‡§≤‡•ã‡§ó 4 ‡§∏‡§æ‡§≤ ‡§∏‡•á ‡§Æ‡•á‡§°‡§ø‡§ï‡§≤ ‡§´‡§ø‡§ü ‡§π‡•ã‡§§‡•á ‡§π‡•Å‡§è ‡§≠‡•Ä ‡§ü‡•á‡§ï‡•ç‡§®‡•Ä‡§∂‡§ø‡§Ø‡§® CEN-01/2018 ‡§§‡§¨‚Ä¶,2022-10-04 11:30:04+00:00,1577259756778975232,1486717593389961222,Umesh Kumar,,Berojgar
16,RT @AkashPacherwall: @sudhirbishnoi_ @AshwiniVaishnaw @RailMinIndia ‡§π‡§Æ 2018 ‡§∏‡•á ‡§Æ‡•á‡§°‡§ø‡§ï‡§≤ ‡§´‡•Ä‡§ü ‡§Ö‡§≠‡•ç‡§Ø‡§∞‡•ç‡§•‡•Ä ‡§∞‡•á‡§≤‡§µ‡•á ‡§ï‡•á ‡§ü‡•á‡§ï‡•ç‡§®‡•Ä‡§∂‡§ø‡§Ø‡§® ‡§â‡§Æ‡•ç‡§Æ‡•Ä‡§¶‡§µ‡§æ‡§∞ ‡§π‡•à ‡§≤‡§ó‡§≠‡§ó 30‚Ä¶,2022-10-04 11:30:00+00:00,1577259739292934144,1486717593389961222,Umesh Kumar,,Berojgar
17,RT @Sanju44994181: @sudhirbishnoi_ @AshwiniVaishnaw @RailMinIndia #JUSTICE_FOR_TECHNICIAN ‡§∞‡•á‡§≤‡§µ‡•á ‡§Æ‡§Ç‡§§‡•ç‡§∞‡§æ‡§≤‡§Ø ‡§∏‡•á ‡§ï‡•á‡§µ‡§≤ ‡§π‡§Æ‡§æ‡§∞‡•Ä ‡§Ø‡§π‡•Ä ‡§ó‡•Å‡§ú‡§æ‡§∞‡§ø‡§∂ ‡§π‡•à ‡§ï‡§ø ‡§π‡§Æ‚Ä¶,2022-10-04 11:29:57+00:00,1577259725372067840,1486717593389961222,Umesh Kumar,,Berojgar
18,"RT @irtcso: ‡§ï‡•Å‡§õ ‡§ü‡•ç‡§∞‡•á‡§®‡•ã‡§Ç ‡§Æ‡•á‡§Ç ‡§Ü‡§ú ‡§§‡§ï ‡§¨‡•á‡§° ‡§∞‡•ã‡§≤ ‡§∏‡§∞‡•ç‡§µ‡§ø‡§∏ ‡§Ü‡§ú ‡§§‡§ï ‡§™‡•ç‡§∞‡§æ‡§∞‡§Æ‡•ç‡§≠ ‡§®‡§π‡•Ä ‡§π‡•Å‡§à ‡§π‡•à, ‡§ú‡§¨‡§ï‡§ø ‡§∞‡•á‡§≤‡§µ‡•á ‡§¨‡•ã‡§∞‡•ç‡§° ‡§¶‡•ç‡§µ‡§æ‡§∞‡§æ ‡§∂‡•Å‡§∞‡•Ç ‡§ï‡§∞‡§®‡•á ‡§ï‡•á ‡§®‡§ø‡§∞‡•ç‡§¶‡•á‡§∂ ‡§ï‡§æ‡§´‡•Ä ‡§™‡§π‡§≤‡•á ‡§∏‡•á ‡§¶‡•á ‡§¶‡§ø‚Ä¶",2022-10-04 11:29:53+00:00,1577259711191453696,76107715,pawan yadav,,
19,RT @MohanSi62434375: @sudhirbishnoi_ @AshwiniVaishnaw @RailMinIndia 28.6.2022 ‡§∞‡•á‡§≤‡§µ‡•á ‡§∏‡•ç‡§•‡§æ‡§Ø‡•Ä ‡§∏‡§Æ‡§ø‡§§‡§ø ‡§∏‡§≠‡•Ä 29 ‡§∏‡§¶‡§∏‡•ç‡§Ø‡•ã‡§Ç ‡§¶‡•ç‡§µ‡§æ‡§∞‡§æ CEN-01/2018 ‡§ü‡•á‡§ï‡•ç‡§®‡•Ä‡§∂‡§ø‚Ä¶,2022-10-04 11:29:51+00:00,1577259700676005888,1486717593389961222,Umesh Kumar,,Berojgar
20,RT @MUKESHK02458911: @sudhirbishnoi_ @AshwiniVaishnaw @RailMinIndia Pl Sir Clear all Standby Technician Cen-01/2018 https://t.co/NIU5UQINQm,2022-10-04 11:29:47+00:00,1577259686293667840,1486717593389961222,Umesh Kumar,,Berojgar
21,RT @scrstandby1: @sudhirbishnoi_ @AshwiniVaishnaw @RailMinIndia ‡§∏‡§∞ ‡§ú‡•Ä ‡§π‡§Æ ‡§≤‡•ã‡§ó 4 ‡§∏‡§æ‡§≤ ‡§∏‡•á ‡§Æ‡•á‡§°‡§ø‡§ï‡§≤ ‡§´‡§ø‡§ü ‡§π‡•ã‡§§‡•á ‡§π‡•Å‡§è ‡§≠‡•Ä ‡§ü‡•á‡§ï‡•ç‡§®‡•Ä‡§∂‡§ø‡§Ø‡§® CEN-01/2018 ‡§§‡§¨ ‡§≠‡•Ä ‡§π‚Ä¶,2022-10-04 11:29:41+00:00,1577259659303321603,1486717593389961222,Umesh Kumar,,Berojgar
22,"@RailMinIndia 

Trains in India these days are being delayed a lot. I am writing this while standing on a platform‚Ä¶ https://t.co/yyR6abkK3M",2022-10-04 11:29:30+00:00,1577259611106988032,884783087133102080,Abhishek Aggarwal,,
23,@WesternRly @DarshanaJardosh @RailMinIndia @drmadiwr @DRMBRCWR @DRM_BVP @RatlamDRM @wrdrmrjt @BoghawalaHemali This‚Ä¶ https://t.co/EQQTwQ5w9o,2022-10-04 11:29:23+00:00,1577259583332298752,918907469501308928,Jimesh Mehta,Ankleshwar,Journalists
24,"RT @trains_of_india: Please take strict action against such stupid Youtubers who are misusing the emergency features for views,
Even on the‚Ä¶",2022-10-04 11:29:13+00:00,1577259540952727552,1246254994644299776,Pawan Kumar Prasad,"Deoria, Uttar Pradesh","National Rail and Transportation Institute, Ministry of Railways üáÆüá≥"
25,@drmbct @NWRailways @WesternRly @RailwaySeva @srdombct This really of indian railway now a days no action taking on‚Ä¶ https://t.co/2QniMqkaiK,2022-10-04 11:28:58+00:00,1577259477539385344,2538151368,Ranjit Chauhan,"‡§µ‡§≤‡§∏‡§æ‡§°‡§º, ‡§≠‡§æ‡§∞‡§§",I believe in myself!
26,RT @ulikedhan2: @RailMinIndia @AshwiniVaishnaw @raosahebdanve @DrBhagwatKarad ‡§¨‡§æ‡§§‡•á‡§Ç ‡§¨‡•Å‡§≤‡•á‡§ü ‡§ü‡•ç‡§∞‡•á‡§® ‡§ï‡•Ä ‡§π‡•ã‡§§‡•Ä ‡§π‡•à ‡§∏‡•á‡§Æ‡•Ä ‡§π‡§æ‡§à ‡§∏‡•ç‡§™‡•Ä‡§° ‡§ü‡•ç‡§∞‡•á‡§® ‡§ö‡§≤‡§§‡•Ä ‡§π‡•à 500‚Ä¶,2022-10-04 11:28:51+00:00,1577259448925507584,1426501191211515906,ABHISHEK THAKUR,‡§Æ‡•Å‡§ú‡§´‡•ç‡§´‡§∞‡§™‡•Å‡§∞ ‡§∏‡•á ‡§∏‡§Æ‡§∏‡•ç‡§§‡•Ä‡§™‡•Å‡§∞ ‡§ï‡•á ‡§¨‡•Ä‡§ö,"‡§¢‡•ã‡§≤‡•Ä ‡§Æ‡§æ‡§Ç‡§ó‡•á ‡§Ö‡§™‡§®‡§æ ‡§π‡§ï. 
‡§¢‡•ã‡§≤‡•Ä ‡§∏‡§ï‡§∞‡§æ ‡§Æ‡•Å‡§ú‡§´‡•ç‡§´‡§∞‡§™‡•Å‡§∞ ‡§¨‡§ø‡§π‡§æ‡§∞"
27,@VSKPJn @imVizagite @DarshanaJardosh @RailMinIndia @PMOIndia @TexMinIndia @VisakhapatnamJn #VSKP to #BSB Direct Train ?,2022-10-04 11:27:17+00:00,1577259055269040129,82032058,SVCS,Vizag - Andhra Pradesh - India,"SV Consultancy Services.
Consultant - Finance & Accounts.
Vizag City Local.
Born & Brought up in Visakhapatnam.
For Development of Vizag Infra, Tourism & IT."
28,@AshwiniVaishnaw @WesternRly @RailMinIndia please add stop at Borivali for Vande Bharat 3 i.e. Vande Bharat 2.0. Th‚Ä¶ https://t.co/6diZfFIAYg,2022-10-04 11:27:17+00:00,1577259055197827073,167760796,CA BHAVIN VORA,"Mumbai,India","Chartered Accountant, Lets discuss Politics, Games, Techno Geek, Mobiles, Traveling, Adventure"
29,@RailMinIndia @AshwiniVaishnaw @secrail @DRMBilaspur trains are running abnormal late &amp; no status available today t‚Ä¶ https://t.co/SIqEuolQoo,2022-10-04 11:26:49+00:00,1577258939518836737,76288425,VK,India ,
30,RT @rpfncrpryj: @rpfncr @sureshR09864410 @nOkCpWtvJgR6NMG @PakPMO @RailMinIndia @sanjay_chander @RVermancr @GMNCR1 @drmncrald @SrDOM_ALD @A‚Ä¶,2022-10-04 11:26:47+00:00,1577258931294179329,1257940117479546881,Mohit Pandey,India,journalist
31,RT @RailMinIndia: A walk-through of the graphical representation of the to be redeveloped Chhatrapati Shivaji Maharaj Terminus Railway Stat‚Ä¶,2022-10-04 11:26:35+00:00,1577258879716446209,1573230467335086080,Parvind Negi,,
32,RT @nOkCpWtvJgR6NMG: @rpfncrpryj @rpfncr @sureshR09864410 @PakPMO @RailMinIndia @sanjay_chander @RVermancr @GMNCR1 @drmncrald @SrDOM_ALD @A‚Ä¶,2022-10-04 11:26:10+00:00,1577258774095855622,1257940117479546881,Mohit Pandey,India,journalist
33,RT @fskulaste: ‡§®‡•à‡§®‡§™‡•Å‡§∞-‡§ö‡§ø‡§∞‡§æ‡§á‡§°‡•ã‡§Ç‡§ó‡§ø‡§∞‡•Ä ‡§™‡•à‡§∏‡•á‡§Ç‡§ú‡§∞ ‡§∏‡•ç‡§™‡•á‡§∂‡§≤ ‡§ï‡§æ ‡§Æ‡§Ç‡§°‡§≤‡§æ ‡§´‡•ã‡§∞‡•ç‡§ü ‡§§‡§ï ‡§µ‡§ø‡§∏‡•ç‡§§‡§æ‡§∞ ‡§î‡§∞ ‡§®‡•à‡§®‡§™‡•Å‡§∞-‡§ú‡§¨‡§≤‡§™‡•Å‡§∞ ‡§™‡•à‡§∏‡•á‡§Ç‡§ú‡§∞ ‡§ï‡•á ‡§∏‡§Æ‡§Ø ‡§Æ‡•á‡§Ç ‡§¨‡§¶‡§≤‡§æ‡§µ ‡§ï‡•Ä ‡§∏‡•ç‡§•‡§æ‡§®‡•Ä‡§Ø ‡§ú‡§®‡§§‡§æ ‡§ï‡•Ä‚Ä¶,2022-10-04 11:26:04+00:00,1577258749966057472,1245025384946524160,HASHMAT ALI,"New Delhi, India","PRIME WITNESS- CASH FOR VOTE  SCAM IN PARLIAMENT.(2008)
POLITICAL - BJP   

MB-No- 9911116914"
34,@rpfncrpryj @rpfncr @sureshR09864410 @PakPMO @RailMinIndia @sanjay_chander @RVermancr @GMNCR1 @drmncrald @SrDOM_ALD‚Ä¶ https://t.co/ZGXbpiwolO,2022-10-04 11:25:51+00:00,1577258696031506432,1257940117479546881,Mohit Pandey,India,journalist
35,RT @RPF_INDIA: #RPF SI¬†Ashwini Kumar &amp; Sunil Kumar saved¬† the life of a passenger who was being dragged alongwith the train in course of bo‚Ä¶,2022-10-04 11:25:49+00:00,1577258687617331201,810824297103036416,RPF post Marripalem,,
36,RT @PIB_India: .@RailMinIndia notifies 179 special services (in pairs) to ensure smooth and comfortable travel to the passengers during thi‚Ä¶,2022-10-04 11:25:37+00:00,1577258634240675840,1454850462386167811,Aatmanirbhar Bharat,,"Aatmanirbhar Bharat
Make in India"
37,RT @pibchennai: .@RailMinIndia notifies 179 special services (in pairs) to ensure smooth and comfortable travel to the passengers during th‚Ä¶,2022-10-04 11:25:36+00:00,1577258633217200129,3287199386,DRM - Tiruchchirappalli,,"Official handle of Divisional Railway Manager, Tiruchchirappalli. Service With Commitment; Progress With Pride!"
38,RT @RPF_INDIA: #RPF SI¬†Ashwini Kumar &amp; Sunil Kumar saved¬† the life of a passenger who was being dragged alongwith the train in course of bo‚Ä¶,2022-10-04 11:25:21+00:00,1577258569002811392,1466338720823459840,Sandeep Kumar,,
39,RT @VSKPJn: @DarshanaJardosh @RailMinIndia @PMOIndia @TexMinIndia Please fulfil a promise of starting @VisakhapatnamJn  Banaras SF exp from‚Ä¶,2022-10-04 11:25:19+00:00,1577258559041318912,2525787258,Bhaskar,"Hyderabad, India","These are my opinions, purely personal. Not necessarily shared by reasonable-minded people nor my benevolent corporate overlords"
40,RT @RailMinIndia: ‡§Æ‡§æ‡§®‡§®‡•Ä‡§Ø ‡§∞‡•á‡§≤ ‡§Æ‡§Ç‡§§‡•ç‡§∞‡•Ä ‡§∂‡•ç‡§∞‡•Ä @AshwiniVaishnaw ‡§ú‡•Ä ‡§¶‡•ç‡§µ‡§æ‡§∞‡§æ ‡§Æ‡§æ‡§®‡§®‡•Ä‡§Ø ‡§∞‡•á‡§≤ ‡§∞‡§æ‡§ú‡•ç‡§Ø ‡§Æ‡§Ç‡§§‡•ç‡§∞‡•Ä ‡§∂‡•ç‡§∞‡•Ä @raosahebdanve ‡§ú‡•Ä ‡§è‡§µ‡§Ç ‡§Æ‡§æ‡§®‡§®‡•Ä‡§Ø ‡§µ‡§ø‡§§‡•ç‡§§ ‡§∞‡§æ‡§ú‡•ç‡§Ø‚Ä¶,2022-10-04 11:25:12+00:00,1577258529211097089,810824297103036416,RPF post Marripalem,,
41,@jatin_8871 @DarshanaJardosh @PMOIndia @RailMinIndia @WesternRly @srdombct @raosaheboffice @AshwiniVaishnaw‚Ä¶ https://t.co/p2gT2oVycN,2022-10-04 11:25:04+00:00,1577258497846423559,921385017187504128,Yogesh Shah,"Ankleshwar, India",‡§Æ‡•à‡§Ç ‡§è‡§ï ‡§∏‡•Ä‡§ß‡§æ-‡§∏‡§æ‡§¶‡§æ ‡§π‡§ø‡§Ç‡§¶‡•Å‡§∏‡•ç‡§§‡§æ‡§®‡•Ä ‡§π‡•Ç‡§Ç ‡§ú‡§ø‡§∏‡•á ‡§Ö‡§™‡§®‡•Ä ‡§≠‡§æ‡§∞‡§§ ‡§Æ‡§æ‡§§‡§æ ‡§ï‡•á ‡§™‡•ç‡§∞‡§§‡§ø ‡§¨‡•á‡§π‡§¶ ‡§™‡•ç‡§Ø‡§æ‡§∞ ‡§π‡•à‡•§ ‡§ú‡§Ø ‡§π‡§ø‡§Ç‡§¶‡•§ #DieHardCricketFan #CricketMeriJaan #ISupportCAA #ISupportNRC
42,"RT @RailMinIndia: ‡§ú‡•Ä‡§µ‡§® ‡§∞‡§ï‡•ç‡§∑‡§ï ‡§¨‡§®‡§æ ‡§∏‡§ú‡§ó ‡§Ü‡§∞‡§™‡•Ä‡§è‡§´ ‡§ï‡§∞‡•ç‡§Æ‡•Ä!

‡§â‡§§‡•ç‡§§‡§∞ ‡§™‡•ç‡§∞‡§¶‡•á‡§∂ ‡§ï‡•á ‡§Æ‡§•‡•Å‡§∞‡§æ ‡§∞‡•á‡§≤‡§µ‡•á ‡§∏‡•ç‡§ü‡•á‡§∂‡§® ‡§™‡§∞ 1/10/22 ‡§ï‡•ã ‡§ü‡•ç‡§∞‡•á‡§® ‡§∏‡§Ç‡§ñ‡•ç‡§Ø‡§æ 22634 ‡§Æ‡•á‡§Ç ‡§Ø‡§æ‡§§‡•ç‡§∞‡§æ ‡§ï‡§∞ ‡§∞‡§π‡•á‚Ä¶",2022-10-04 11:24:56+00:00,1577258462077423622,1466338720823459840,Sandeep Kumar,,
43,"RT @awadhes42011956: ‡§∏‡§∞ train no.12026 ‡§Æ‡§ä ‡§è‡§ï‡•ç‡§∏‡§™‡•ç‡§∞‡•á‡§∏ ‡§ï‡•á ‡§ï‡•ã‡§ö ‡§®‡§Ç‡§¨‡§∞ S 1‡§Æ‡•á‡§Ç ‡§¨‡§∞‡•ç‡§• ‡§∏‡§Ç‡§ñ‡•ç‡§Ø‡§æ 38 ‡§™‡§∞ ‡§è‡§ï ‡§≤‡•á‡§°‡•Ä ‡§ï‡•Ä ‡§§‡§¨‡§ø‡§Ø‡§§ citical ‡§π‡•à, 5month ‡§ï‡•Ä ‡§™‡•ç‡§∞‡•á‡§ó‡§®‡•á‡§Ç‡§ü‚Ä¶",2022-10-04 11:24:55+00:00,1577258460105781250,972791695225114624,vishal goswami,"Lucknow, India","need a social change
RT are personal view"
44,"@rashtrapatibhvn 
@AshwiniVaishnaw 
@narendramodi 
@RailMinIndia 
@PMOIndia 
Good evening sir
Railway hospital ‡§ï‡•á p‚Ä¶ https://t.co/uPRa99Bklr",2022-10-04 11:24:49+00:00,1577258432864083968,2855722376,Mukesh Kumar Sah,"‡§µ‡§æ‡§∞‡§æ‡§£‡§∏‡•Ä, ‡§≠‡§æ‡§∞‡§§","A hardworking Lab Technician
 The corona warrior"
45,RT @fskulaste: ‡§®‡•à‡§®‡§™‡•Å‡§∞-‡§ö‡§ø‡§∞‡§æ‡§á‡§°‡•ã‡§Ç‡§ó‡§ø‡§∞‡•Ä ‡§™‡•à‡§∏‡•á‡§Ç‡§ú‡§∞ ‡§∏‡•ç‡§™‡•á‡§∂‡§≤ ‡§ï‡§æ ‡§Æ‡§Ç‡§°‡§≤‡§æ ‡§´‡•ã‡§∞‡•ç‡§ü ‡§§‡§ï ‡§µ‡§ø‡§∏‡•ç‡§§‡§æ‡§∞ ‡§î‡§∞ ‡§®‡•à‡§®‡§™‡•Å‡§∞-‡§ú‡§¨‡§≤‡§™‡•Å‡§∞ ‡§™‡•à‡§∏‡•á‡§Ç‡§ú‡§∞ ‡§ï‡•á ‡§∏‡§Æ‡§Ø ‡§Æ‡•á‡§Ç ‡§¨‡§¶‡§≤‡§æ‡§µ ‡§ï‡•Ä ‡§∏‡•ç‡§•‡§æ‡§®‡•Ä‡§Ø ‡§ú‡§®‡§§‡§æ ‡§ï‡•Ä‚Ä¶,2022-10-04 11:24:26+00:00,1577258338898714624,1080429302485786624,Shivajibhakt,India,"Followed by @Rajput_Ramesh @beingarun28 @Gajjusay @LokendraParasar @PiyushGoyalOffc @TajinderBagga   believe in Modi ji , RSS"
46,"RT @DRMWaltairECoR: @RailMinIndia @EastCoastRail @DRMSambalpur @DRMKhurdaRoad @SCRailwayIndia @serailwaykol 
WAT divn breaks its own record‚Ä¶",2022-10-04 11:24:21+00:00,1577258316438261760,810824297103036416,RPF post Marripalem,,
47,@DarshanaJardosh @RailMinIndia @PMOIndia @TexMinIndia Before bjp come to power congress and other non congress gove‚Ä¶ https://t.co/dajPsdl07g,2022-10-04 11:24:17+00:00,1577258298914803713,705478153527885824,Rajkumar,"Salem, India",
48,"@raosahebdanve @RailMinIndia On the growth track! 

With improved cargo handling capacity, the Indian Railways is e‚Ä¶ https://t.co/clbQsQ52ZY",2022-10-04 11:24:12+00:00,1577258279150899200,1568870361323962369,manik Danve,,MANIK PATIL DANVE
49,@KVSAINI0598 @RailMinIndia @gmwcrailway @wc_railway @drmkota @drmjabalpur @AshwiniVaishnaw Kindly specify the Stati‚Ä¶ https://t.co/BhRLLmOLau,2022-10-04 11:24:02+00:00,1577258236347965441,3279474572,DRM BHOPAL,,"Divisional Railway Manager, Bhopal Division, West Central Railway.       ‡§ó‡•ç‡§∞‡§æ‡§π‡§ï ‡§∏‡•á‡§µ‡§æ ‡§Æ‡•á‡§Ç ‡§Ö‡§ó‡•ç‡§∞‡§ó‡§æ‡§Æ‡•Ä ‡§∏‡•á ‡§Ö‡§ó‡•ç‡§∞‡§£‡•Ä, ‡§â‡§§‡•ç‡§ï‡•É‡§∑‡•ç‡§ü ‡§∏‡•á ‡§∏‡§∞‡•ç‡§µ‡•ã‡§§‡•ç‡§ï‡•É‡§∑‡•ç‡§ü"
50,"#IndianRailways: ‡§§‡§§‡•ç‡§ï‡§æ‡§≤ ‡§∞‡§ø‡§ú‡§∞‡•ç‡§µ‡•á‡§∂‡§® ‡§∏‡•á ‡§™‡§π‡§≤‡•á ‡§ú‡§æ‡§® ‡§≤‡•á‡§Ç ‡§Ø‡•á ‡§®‡§ø‡§Ø‡§Æ, ‡§Ü‡§∏‡§æ‡§®‡•Ä ‡§∏‡•á ‡§¨‡•Å‡§ï ‡§π‡•ã‡§ó‡•Ä ‡§ü‡•ç‡§∞‡•á‡§® ‡§ü‡§ø‡§ï‡§ü
@IRCTCofficial‚Ä¶ https://t.co/B8iHD7CFNA",2022-10-04 11:24:01+00:00,1577258234670641152,1158688497479245830,Moneycontrol Hindi,Noida,Moneycontrol ‡§®‡•ç‡§Ø‡•Ç‡§ú‡§º ‡§Ö‡§¨ ‡§π‡§ø‡§Ç‡§¶‡•Ä ‡§Æ‡•á‡§Ç
51,"Finding ways to plan your journey on short notices?
Here's all you need to know about #Tatkal train ticket reservat‚Ä¶ https://t.co/9rDNEgeGJ9",2022-10-04 11:23:58+00:00,1577258220154150912,2856854318,Paurush Omar,"Kanpur, India","Content Producer @LiveMint | 
Goegrapher turned Journalist | 
Poet; Writer | 
Alma Mater- IIMC Delhi | DSE | KMC"
52,"RT @RailMinIndia: Leaping towards Mission 100% Electrification!

Electrification of Khanapur-Latur Road (98.7 RKM), part of the Parli Vaijn‚Ä¶",2022-10-04 11:23:58+00:00,1577258219076210688,1466338720823459840,Sandeep Kumar,,
53,"RT @RPF_INDIA: Two new lives welcomed....
#RPF made all possible arrangements to welcome new lives in the world when they assisted two preg‚Ä¶",2022-10-04 11:23:55+00:00,1577258206639714305,1425738122483036167,RPF post Barasat,Barasat,Railway Protection Force/Barasat Post
54,"RT @RailSamachar: #CLW: ‡§¶‡•Å‡§∞‡•ç‡§ó‡§æ ‡§™‡•Ç‡§ú‡§æ ‡§ï‡•á ‡§®‡§æ‡§Æ ‡§™‡§∞ ‡§Ö‡§µ‡•à‡§ß ‡§™‡§æ‡§∞‡•ç‡§ï‡§ø‡§Ç‡§ó ‡§¨‡§®‡§æ‡§ï‡§∞ ‡§™‡§Ç‡§°‡§æ‡§≤ ‡§ï‡§Æ‡•á‡§ü‡•Ä ‡§µ‡§æ‡§≤‡•á ‡§ï‡§∞‡§§‡•á ‡§π‡•à‡§Ç ‡§∂‡•ç‡§∞‡§¶‡•ç‡§ß‡§æ‡§≤‡•Å‡§ì‡§Ç ‡§∏‡•á ‡§Ö‡§µ‡•à‡§ß ‡§µ‡§∏‡•Ç‡§≤‡•Ä

https://t.co/Ob5evr8‚Ä¶",2022-10-04 11:23:37+00:00,1577258131645571072,1191763654145822725,RAILWHISPERS,"Mumbai, India","Official Twitter handle of https://t.co/ANQyUecl5N
‡§∏‡§Æ‡§Ø ‡§∏‡•á ‡§™‡§π‡§≤‡•á ‡§î‡§∞ ‡§≠‡§æ‡§ó‡•ç‡§Ø ‡§∏‡•á ‡§ú‡•ç‡§Ø‡§æ‡§¶‡§æ ‡§ï‡§ø‡§∏‡•Ä ‡§ï‡•ã ‡§ï‡•Å‡§õ ‡§®‡§π‡•Ä‡§Ç ‡§Æ‡§ø‡§≤‡§§‡§æ!
üôã‚Äç‚ôÇ ‡§ú‡§Ø ‡§π‡§ø‡§Ç‡§¶"
55,.@RailMinIndia notifies 179 special services (in pairs) to ensure smooth and comfortable travel to the passengers d‚Ä¶ https://t.co/izoxF1WYvO,2022-10-04 11:23:18+00:00,1577258052541353985,884660418714652672,PIB in Tamil Nadu,"Tamil Nadu, Chennai","Press Information Bureau, Chennai. Nodal agency for communicating to media on behalf of #Government of #India. Follow for official #GoI updates."
56,RT @SCRailwayIndia: SCR Rail Fans Assn members celebrated birthday of Telangana Express (Earlier AP Express) which runs btw #Hyderabad - #N‚Ä¶,2022-10-04 11:23:15+00:00,1577258042189819904,1466338720823459840,Sandeep Kumar,,
57,RT @RPF_INDIA: #RPF #Narishakti yet again came as a blessing in the form of Lady Constable Ruby Kumari who gave a new lease of life to a pa‚Ä¶,2022-10-04 11:23:11+00:00,1577258023952601089,1425738122483036167,RPF post Barasat,Barasat,Railway Protection Force/Barasat Post
58,@IRCTCofficial @RailMinIndia my sister  passed away I need to geyt this train 22824 but iam just 5 mins late to new delhi railway  station..,2022-10-04 11:23:10+00:00,1577258019557371904,890398592,bijay krushna,"Bhubaneshwar, India",Great ideas can liberate you.
59,‡§î‡§∞ #railways ‡§ï‡•ã ‡§≠‡§æ‡§∞‡•Ä ‡§∞‡§æ‡§ú‡§∏‡•ç‡§µ ‡§ï‡§æ ‡§®‡•Å‡§ï‡§∏‡§æ‡§® ‡§π‡•ã ‡§∞‡§π‡§æ ‡§π‡•à @DRMJaipur @drm_dli @GM_NRly @RailMinIndia @narendramodi ‡§¶‡§ø‡§≤‡•ç‡§≤‡•Ä ‡§ú‡§Ø‚Ä¶ https://t.co/BVY9kXluq2,2022-10-04 11:23:08+00:00,1577258010090491905,717750945837228033,securegov11‚Ñ¢üáÆüá≥,"Gurgaon, India",in progress........
60,"@GMSECR @RailwaySeva @RailMinIndia
@Indianrailway01 @AshwiniVaishnaw @ECRlyHJP  pnr-2729926955 , due to wrong annou‚Ä¶ https://t.co/KpUJkYP0qh",2022-10-04 11:22:53+00:00,1577257949612777472,2428599986,mukund trivedi,DELHI,Do Good
61,RT @RPF_INDIA: #RPF SI¬†Ashwini Kumar &amp; Sunil Kumar saved¬† the life of a passenger who was being dragged alongwith the train in course of bo‚Ä¶,2022-10-04 11:22:21+00:00,1577257812240977920,1547533575729577985,Jrrpfa,,An Official Twitter Handle of JR RPF Academy Lucknow -A Centralised Training Institute for Basic Initial Training of IRPFS Probationers and SI Cadets.
62,RT @rpfscr: Joint team of #RPF &amp; #GRP #Guntur nabbed one notorious offender involved in 6 passenger luggage theft and recovered stolen prop‚Ä¶,2022-10-04 11:22:14+00:00,1577257783086678017,1466338720823459840,Sandeep Kumar,,
63,‡§®‡§à ‡§∏‡§Æ‡§Ø ‡§∏‡§æ‡§∞‡§£‡•Ä ‡§ú‡•ã‡§ß‡§™‡•Å‡§∞ ‡§∏‡•á ‡§ö‡§≤‡§®‡•á ‡§µ‡§æ‡§≤‡•Ä ‡§ó‡§æ‡§°‡§º‡§ø‡§Ø‡•ã‡§Ç ‡§ï‡•Ä ‡§™‡•ç‡§∞‡§æ‡§™‡•ç‡§§ ‡§ï‡§∞‡§®‡•á ‡§ï‡§æ ‡§ï‡•ã‡§à ‡§≤‡§ø‡§Ç‡§ï ‡§Ø‡§æ ‡§µ‡•á‡§¨‡§∏‡§æ‡§á‡§ü‡•§ @DRMJodhpurNWR @RailMinIndia,2022-10-04 11:22:12+00:00,1577257774790373378,434934849,Ganga vishnu Bishnoi,"Jodhpur, India","‡§∏‡§æ‡§Æ‡§æ‡§ú‡§ø‡§ï ‡§ï‡§æ‡§∞‡•ç‡§Ø‡§ï‡§∞‡•ç‡§§‡§æ ‡§î‡§∞ ‡§∂‡§ø‡§ï‡•ç‡§∑‡§æ‡§µ‡§ø‡§¶‡•ç, ‡§≠‡§æ‡§∞‡§§ ‡§Æ‡§æ‡§§‡§æ ‡§ï‡§æ ‡§™‡§∞‡§Æ ‡§µ‡•à‡§≠‡§µ ‡§¶‡•á‡§ñ‡§®‡•á ‡§ï‡•Ä ‡§Ü‡§Ç‡§ï‡§æ‡§ï‡•ç‡§∑‡§æ ‡§π‡•à‡•§ ‡§™‡§∞‡§ø‡§µ‡§∞‡•ç‡§§‡§® ‡§ï‡•á ‡§≤‡§ø‡§è ‡§∏‡•ç‡§µ‡§Ø‡§Ç ‡§ï‡•ã ‡§π‡•Ä ‡§≤‡§ó‡§®‡§æ ‡§π‡•ã‡§§‡§æ ‡§π‡•à‡•§"
64,‡§Æ‡•á‡§∞‡•á ‡§™‡§ø‡§§‡§æ ‡§∞‡•á‡§≤‡§µ‡•á ‡§™‡•á‡§Ç‡§∂‡§®‡§∞ @PMOIndia ‡§π‡•à ‡§Æ‡•á‡§∞‡•Ä              @railwayboard1 ‡§Æ‡§æ‡§§‡§æ ‡§ï‡§æ UMID ‡§ï‡§æ‡§∞‡•ç‡§° @MoHFW_INDIA ‡§®‡§π‡•Ä ‡§¨‡§® ‡§™‡§æ ‡§∞‡§π‡§æ‚Ä¶ https://t.co/Kr6rbgmxG8,2022-10-04 11:22:06+00:00,1577257752065630208,1489891572355198976,(Journalist) Rajat Rajput,,"‡§¨‡•ç‡§Ø‡•Ç‡§∞‡•ã ‡§ö‡•Ä‡§´ ‡§ï‡§æ‡§®‡§™‡•Å‡§∞ ‡§¶‡§ï‡•ç‡§∑‡§ø‡§£ ‡§≤‡•ã‡§ï‡§ú‡§® ‡§∏‡§Ç‡§¶‡•á‡§∂ 

*‡§µ‡§ø‡§∂‡•ç‚Äç‡§µ‡§æ‡§∏ ‡§§‡•ã‡§°‡§º‡§§‡•á ‡§®‡§π‡•Ä‡§Ç ‡§∏‡§ö ‡§õ‡•ã‡§°‡§º‡§§‡•á ‡§®‡§π‡•Ä‡§Ç*"
65,"RT @RailSamachar: #‡§è‡§Ö‡§∞‡§ï‡§Ç‡§°‡•Ä‡§∂‡§®‡§∞ ‡§ö‡•ã‡§∞‡•Ä ‡§ï‡§∞‡§®‡•á ‡§ï‡•á ‡§Ü‡§∞‡•ã‡§™ ‡§Æ‡•á‡§Ç #‡§è‡§∏‡§è‡§∏‡§à ‡§ï‡•ã #‡§Ü‡§∞‡§™‡•Ä‡§è‡§´ ‡§®‡•á ‡§ï‡§ø‡§Ø‡§æ ‡§ó‡§ø‡§∞‡§´‡•ç‡§§‡§æ‡§∞

https://t.co/eY6QA8y3DC

@AshwiniVaishnaw @IR_CRB @‚Ä¶",2022-10-04 11:22:05+00:00,1577257745291808770,1191763654145822725,RAILWHISPERS,"Mumbai, India","Official Twitter handle of https://t.co/ANQyUecl5N
‡§∏‡§Æ‡§Ø ‡§∏‡•á ‡§™‡§π‡§≤‡•á ‡§î‡§∞ ‡§≠‡§æ‡§ó‡•ç‡§Ø ‡§∏‡•á ‡§ú‡•ç‡§Ø‡§æ‡§¶‡§æ ‡§ï‡§ø‡§∏‡•Ä ‡§ï‡•ã ‡§ï‡•Å‡§õ ‡§®‡§π‡•Ä‡§Ç ‡§Æ‡§ø‡§≤‡§§‡§æ!
üôã‚Äç‚ôÇ ‡§ú‡§Ø ‡§π‡§ø‡§Ç‡§¶"
66,RT @RPF_INDIA: #RPF #Narishakti yet again came as a blessing in the form of Lady Constable Ruby Kumari who gave a new lease of life to a pa‚Ä¶,2022-10-04 11:21:52+00:00,1577257693706096640,1466338720823459840,Sandeep Kumar,,
67,RT @rpfscr: During the decoy checks by all women RPF Shakti team of @rpfscr_sc apprehended one pick pocketer while  pickpocketing a passeng‚Ä¶,2022-10-04 11:21:42+00:00,1577257650730909696,743327640350646273,RPF Post Amla,"Amla, India",RPF POST AMLA
68,Hello @RailMinIndia Water point on PF 16 at NDLS is inactive from a long time now. Due to this people have to buy e‚Ä¶ https://t.co/rf9UrjfCxH,2022-10-04 11:21:41+00:00,1577257647765536769,28073865,Satyavrat Mishra,Somewhere on Earth,"Her father. Her husband. Independent Journalist. Linguist. Used to write for @bsindia, @quint, & @httweets . Studied at @iimc_india. Love books."
69,"RT @RailMinIndia: Connecting Textile City of Gujarat with Spiritual City of Uttar Pradesh!

Hon‚Äôble MoSR Smt. @DarshanaJardosh will flag of‚Ä¶",2022-10-04 11:21:36+00:00,1577257623274995712,743327640350646273,RPF Post Amla,"Amla, India",RPF POST AMLA
70,"RT @SWRRLY: 500 Mail Express trains speeded up, 130 services (65 pairs) converted to Superfast category in new All India Railway Time Table‚Ä¶",2022-10-04 11:21:35+00:00,1577257620645126144,775921502642241536,S. S. Moorthy,Here there everywhere ,"Horse Trader
Khabri
Mission2029
Bakth
Aviation
Energy
Crude 
EV
Saffron
Defense
RSS
RailFanning
Temples
Kashi
Haridwar
Rishikesh
Kaapi
Scotch
Singlemalt"
71,RT @RPF_INDIA: #RPF SI¬†Ashwini Kumar &amp; Sunil Kumar saved¬† the life of a passenger who was being dragged alongwith the train in course of bo‚Ä¶,2022-10-04 11:21:35+00:00,1577257619760160768,1425738122483036167,RPF post Barasat,Barasat,Railway Protection Force/Barasat Post
72,"RT @RailMinIndia: Connecting Textile City of Gujarat with Spiritual City of Uttar Pradesh!

Hon‚Äôble MoSR Smt. @DarshanaJardosh will flag of‚Ä¶",2022-10-04 11:21:31+00:00,1577257603561705472,1563467773858103298,Talpda koli Patel arvind Bhai Babubhai,"Gujarat, India","10th pass, Ahmedabad,Sanand,palwada, Gujarat, ‡™™‡´ç‡™≤‡™æ‡™∏‡´ç‡™ü‡™ø‡™ï‡™®‡´á  ‡§Æ‡•á‡§∞‡§æ  ‡§ó‡§æ‡§Å‡§µ ‡§ó‡§Ç‡§¶‡§æ ‡§ï‡•Ä‡§Ø‡§æ, ‡§§‡§æ‡§≤‡§æ‡§¨, ‡§ñ‡•á‡§§‡•ã‡§Ç ‡§ï‡•ã,"
73,RT @RailMinIndia: ‡§ï‡•ç‡§∞‡§æ‡§Ç‡§§‡§ø‡§ï‡§æ‡§∞‡•Ä ‡§ó‡§§‡§ø‡§µ‡§ø‡§ß‡§ø‡§Ø‡•ã‡§Ç ‡§è‡§µ‡§Ç ‡§∞‡§æ‡§∑‡•ç‡§ü‡•ç‡§∞‡§µ‡§æ‡§¶‡•Ä ‡§µ‡§ø‡§ö‡§æ‡§∞‡•ã‡§Ç ‡§∏‡•á ‡§Ü‡§ú‡§æ‡§¶‡•Ä ‡§ï‡•Ä ‡§≤‡§°‡§º‡§æ‡§à ‡§ï‡•ã ‡§®‡§à ‡§ó‡§§‡§ø ‡§™‡•ç‡§∞‡§¶‡§æ‡§® ‡§ï‡§∞‡§®‡•á ‡§µ‡§æ‡§≤‡•á ‡§∏‡•ç‡§µ‡§§‡§Ç‡§§‡•ç‡§∞‡§§‡§æ ‡§∏‡•á‡§®‡§æ‡§®‡•Ä ‡§î‡§∞ ‡§≤‡•á‡§ñ‡§ï‚Ä¶,2022-10-04 11:21:24+00:00,1577257574985932800,743327640350646273,RPF Post Amla,"Amla, India",RPF POST AMLA
74,@dvvnlhq @UPPCLLKO @UppclChairman @dvvnlmathura1 @RailMinIndia @CMOfficeUP,2022-10-04 11:21:21+00:00,1577257562721775616,145533841,‡§Æ‡•ã‡§π‡§ø‡§§ ‡§ö‡§§‡•Å‡§∞‡•ç‡§µ‡•á‡§¶‡•Ä,‡§≠‡§æ‡§∞‡§§,"‡§π‡§ø‡§®‡•ç‡§¶‡•Ç ‡§§‡§® ‡§Æ‡§® ‡§π‡§ø‡§®‡•ç‡§¶‡•Ç ‡§ú‡•Ä‡§µ‡§®, ‡§∞‡§ó ‡§∞‡§ó ‡§π‡§ø‡§®‡•ç‡§¶‡•Ç ‡§Æ‡•á‡§∞‡§æ ‡§™‡§∞‡§ø‡§ö‡§Ø
Love my country Bharat nature lover, love 4 wildlife, a lawyer, HR, Educator and photography is my passion."
75,RT @RPF_INDIA: #RPF #Narishakti yet again came as a blessing in the form of Lady Constable Ruby Kumari who gave a new lease of life to a pa‚Ä¶,2022-10-04 11:21:15+00:00,1577257537115594752,743327640350646273,RPF Post Amla,"Amla, India",RPF POST AMLA
76,"RT @RailMinIndia: Modern Outlook &amp; Contemporary Style! 

All stations of the @NHSRCL Project will reflect the spirit of each city, designed‚Ä¶",2022-10-04 11:21:15+00:00,1577257535676985344,810824297103036416,RPF post Marripalem,,
77,"RT @RailMinIndia: Leaping towards Mission 100% Electrification!

Electrification of Khanapur-Latur Road (98.7 RKM), part of the Parli Vaijn‚Ä¶",2022-10-04 11:21:04+00:00,1577257490147733504,743327640350646273,RPF Post Amla,"Amla, India",RPF POST AMLA
78,RT @RPF_INDIA: #RPF SI¬†Ashwini Kumar &amp; Sunil Kumar saved¬† the life of a passenger who was being dragged alongwith the train in course of bo‚Ä¶,2022-10-04 11:20:57+00:00,1577257461081288704,743327640350646273,RPF Post Amla,"Amla, India",RPF POST AMLA
79,RT @sambhajipatil77: ‡§≤‡§æ‡§§‡•Ç‡§∞ ‡§ú‡§ø‡§≤‡•ç‡§π‡•ç‡§Ø‡§æ‡§§‡•Ä‡§≤ #‡§Æ‡§∞‡§æ‡§†‡§µ‡§æ‡§°‡§æ_‡§ï‡•ã‡§ö_‡§´‡•Ö‡§ï‡•ç‡§ü‡§∞‡•Ä ‡§Æ‡§ß‡•Ç‡§® ‡§Ø‡•á‡§§‡•ç‡§Ø‡§æ ‡•ß‡•ß ‡§Æ‡§π‡§ø‡§®‡•ç‡§Ø‡§æ‡§§ #‡§µ‡§Ç‡§¶‡•á_‡§≠‡§æ‡§∞‡§§ ‡§∞‡•á‡§≤‡•ç‡§µ‡•á ‡§ï‡•ã‡§ö ‡§¨‡§æ‡§π‡•á‡§∞ ‡§™‡§°‡§£‡§æ‡§∞ - @AshwiniVaishnaw‚Ä¶,2022-10-04 11:20:57+00:00,1577257460775014400,868789441262895104,Anant Kulkarni,"Nilanga, India",BJP
80,"RT @SWRRLY: 500 Mail Express trains speeded up, 130 services (65 pairs) converted to Superfast category in new All India Railway Time Table‚Ä¶",2022-10-04 11:20:57+00:00,1577257459466768384,3279388878,DRM Bengaluru,"Bengaluru, India",Proud Railwayman. Trying to change lives within my zone of influence. Love my organization/my country/humanity. Aim to spread positivity and remove negativity
81,RT @RailMinIndia: ‡§Æ‡§æ‡§®‡§®‡•Ä‡§Ø ‡§∞‡•á‡§≤ ‡§Æ‡§Ç‡§§‡•ç‡§∞‡•Ä ‡§∂‡•ç‡§∞‡•Ä @AshwiniVaishnaw ‡§ú‡•Ä ‡§¶‡•ç‡§µ‡§æ‡§∞‡§æ ‡§Æ‡§æ‡§®‡§®‡•Ä‡§Ø ‡§∞‡•á‡§≤ ‡§∞‡§æ‡§ú‡•ç‡§Ø ‡§Æ‡§Ç‡§§‡•ç‡§∞‡•Ä ‡§∂‡•ç‡§∞‡•Ä @raosahebdanve ‡§ú‡•Ä ‡§è‡§µ‡§Ç ‡§Æ‡§æ‡§®‡§®‡•Ä‡§Ø ‡§µ‡§ø‡§§‡•ç‡§§ ‡§∞‡§æ‡§ú‡•ç‡§Ø‚Ä¶,2022-10-04 11:20:49+00:00,1577257427862331393,743327640350646273,RPF Post Amla,"Amla, India",RPF POST AMLA
82,@Rao_RajpalSingh @DRMJaipur @PMOIndia @cmohry @AshwiniVaishnaw @DarshanaJardosh @RailMinIndia @NWRailways‚Ä¶ https://t.co/kjdq8grTky,2022-10-04 11:20:46+00:00,1577257414465724417,1448232878806949895,Sunil Somu Rathod,,
83,@Rao_RajpalSingh @DRMJaipur @PMOIndia @cmohry @AshwiniVaishnaw @DarshanaJardosh @RailMinIndia @NWRailways‚Ä¶ https://t.co/4P1uBCGlWz,2022-10-04 11:20:46+00:00,1577257413362581504,1448232878806949895,Sunil Somu Rathod,,
84,"RT @SWRRLY: Sculpture made from plastic &amp; pet bottles at KSR Bengaluru Station to create awareness on proper disposal of plastic waste.
@DA‚Ä¶",2022-10-04 11:20:34+00:00,1577257365140709377,810824297103036416,RPF post Marripalem,,
85,"‡§Ø‡§π ‡§π‡•à ‡§π‡§ú‡§æ‡§∞‡•Ä‡§¨‡§æ‡§ó,‡§ù‡§æ‡§∞‡§ñ‡§Ç‡§° ‡§ï‡•á ‡§™‡•ç‡§≤‡•á‡§ü‡§´‡§æ‡§∞‡•ç‡§Æ ‡§™‡§∞ ‡§≤‡§ó‡•á ‡§π‡•Å‡§è ‡§ó‡§Æ‡§≤‡•á,‡§ï‡•ç‡§Ø‡§æ ‡§ï‡•ã‡§à ‡§¨‡§§‡§æ ‡§∏‡§ï‡§§‡§æ ‡§π‡•à ‡§ï‡§ø ‡§á‡§® ‡§ó‡§Æ‡§≤‡•ã‡§Ç ‡§Æ‡•á‡§Ç ‡§™‡§æ‡§®‡•Ä ‡§ï‡•à‡§∏‡•á ‡§ú‡§æ‡§è‡§ó‡§æ ‡§î‡§∞ ‡§á‡§∏‡§Æ‡•á‡§Ç‚Ä¶ https://t.co/KvcajGYHpR",2022-10-04 11:20:32+00:00,1577257355229925376,1712190205,Er.Mayank azad,gorakhpur,"#‡§¨‡§π‡•Å‡§ú‡§®_‡§∏‡§Æ‡§æ‡§ú_‡§™‡§æ‡§∞‡•ç‡§ü‡•Ä
‡§ú‡§Ø ‡§≠‡•Ä‡§Æüíô
‡§ú‡§Ø ‡§≠‡§æ‡§∞‡§§
#activist
#MecanicalEngineer"
86,"The government has prepared a master plan to revamp 200 railway stations. 
. 
. 
. 
#railwaystation‚Ä¶ https://t.co/WuAowcI9Qn",2022-10-04 11:20:29+00:00,1577257344773214209,841697130339274752,The Policy Times,"New Delhi, India","The Policy Times aims to unfold social, economic, business, policy and practical issues that matter to India to understand about developmental issues."
87,RT @WesternRly: ‡§ó‡§æ‡§Ç‡§ß‡•Ä‡§®‡§ó‡§∞ -‡§Æ‡•Å‡§Ç‡§¨‡§à ‡§µ‡§Ç‡§¶‡•á ‡§≠‡§æ‡§∞‡§§ ‡§è‡§ï‡•ç‡§∏‡§™‡•ç‡§∞‡•á‡§∏ ‡§Æ‡•á‡§Ç ‡§µ‡§°‡•ã‡§¶‡§∞‡§æ ‡§∏‡•á ‡§Æ‡•Å‡§Ç‡§¨‡§à ‡§≤‡•å‡§ü ‡§∞‡§π‡•Ä ‡§è‡§ï ‡§Æ‡§π‡§ø‡§≤‡§æ ‡§Ø‡§æ‡§§‡•ç‡§∞‡•Ä ‡§®‡•á ‡§Ö‡§™‡§®‡•á ‡§Ö‡§®‡•Å‡§≠‡§µ ‡§∏‡§æ‡§ù‡§æ ‡§ï‡§∞‡§§‡•á ‡§π‡•Å‡§è ‡§¨‡§§‡§æ‡§Ø‡§æ ‡§ï‡§ø ‡§á‡§∏‚Ä¶,2022-10-04 11:20:06+00:00,1577257246668357633,869543613868285955,Info Jamnagar GoG,,Official Twitter account of information department Jamnagar
88,"RT @1stIndiaNews: ‡§∞‡•á‡§≤ ‡§Æ‡§Ç‡§§‡•ç‡§∞‡•Ä ‡§Ö‡§∂‡•ç‡§µ‡§ø‡§®‡•Ä ‡§µ‡•à‡§∑‡•ç‡§£‡§µ ‡§®‡•á ‡§™‡•Ç‡§∞‡•Ä ‡§ï‡•Ä ‡§Æ‡§æ‡§Ç‡§ó

‡§∏‡§æ‡§Ç‡§∏‡§¶ ‡§®‡§µ‡§®‡•Ä‡§§ ‡§∞‡§µ‡§ø ‡§∞‡§æ‡§£‡§æ ‡§ï‡•Ä ‡§Æ‡§æ‡§Ç‡§ó ‡§™‡•Ç‡§∞‡•Ä ‡§ï‡•Ä, 12159/60 ‡§ï‡•ã ‡§è‡§ï‡•ç‡§∏‡§ü‡•á‡§Ç‡§° ‡§ï‡§∞‡§®‡•á ‡§ï‡•Ä ‡§Æ‡§æ‡§Ç‡§ó ‡§™‡•Ç‡§∞‡•Ä,‚Ä¶",2022-10-04 11:19:50+00:00,1577257181669625858,1411723558112219137,sudhir Bishnoi,"Jaipur, India app party join",student
89,"Tomorrow my exam has schedule at varansi and this tain is going late approx 4hrs, please do something.
PNR-88377916‚Ä¶ https://t.co/9LuKoJC5kp",2022-10-04 11:19:49+00:00,1577257177789927424,1577252785820950528,Jitu,,
90,@drmcrngp @rpfserkgp @rpfser @Central_Railway @RailMinIndia @indianrailway__ @RPFCR @IRCTCofficial @srdcmkgp no act‚Ä¶ https://t.co/acagZL04AJ,2022-10-04 11:19:20+00:00,1577257056288972801,3625904533,fauzan ejaz,üìçKolkata,"Java developer üßë‚Äçüíª
An Athlete üí¶
A Footballer üòâ"
91,"RT @RailMinIndia: Connecting Textile City of Gujarat with Spiritual City of Uttar Pradesh!

Hon‚Äôble MoSR Smt. @DarshanaJardosh will flag of‚Ä¶",2022-10-04 11:19:13+00:00,1577257025007865857,1550154733264191488,Sarwar Khan,,
92,@WesternRly @DarshanaJardosh @RailMinIndia @drmadiwr @DRMBRCWR @RatlamDRM @wrdrmrjt @DRM_BVP 15273-74 Satyagraha ex‚Ä¶ https://t.co/lW2QIB1gtE,2022-10-04 11:19:09+00:00,1577257007182409728,4446390869,Dr. saket kumar Jha,"Banuchhapra, Bettiah","Senior Physiotherapist,"
93,RT @PIB_India: .@RailMinIndia notifies 179 special services (in pairs) to ensure smooth and comfortable travel to the passengers during thi‚Ä¶,2022-10-04 11:19:05+00:00,1577256990858182664,100417719,‡§Ü‡§ï‡§æ‡§∂ ‡≤ú‡≥à‡≤®‡≥ç üïâÔ∏èüö©üáÆüá≥,‡§≠‡§∞‡§§‡§ï‡•ç‡§∑‡•á‡§§‡•ç‡§∞,‡§ú‡§Ø ‡§Æ‡§π‡§æ‡§¶‡•á‡§µ-‡§Æ‡§æ‡§Å ‡§ï‡§æ‡§≤‡•Ä ‡§ï‡•Ä| @NarendraModi ji @AmitShah ji #BJP NaMo Volunteer| #SocialWorker| #EkBharatShresthBharat| #KarmaBeliever| #‡§ú‡•Ä‡§µ‡§¶‡§Ø‡§æ-‡§Æ‡•à‡§§‡•ç‡§∞‡•Ä ‡§≠‡§æ‡§µ ‡§∏‡§¨‡§∏‡•á|
94,@RailMinIndia @drmdhnecr @ECRlyHJP @GM_ECRly @pnsinghdhanbad @IRTSassociation @RaginiSingh7007 @purnimaasingh‚Ä¶ https://t.co/fHkliKGzWl,2022-10-04 11:19:04+00:00,1577256986399293440,1566119979535462400,Rahul Rathore,"Dhanbad, India",#Indian üáÆüá≥üáÆüá≥üáÆüá≥
95,RT @RPF_INDIA: #RPF SI¬†Ashwini Kumar &amp; Sunil Kumar saved¬† the life of a passenger who was being dragged alongwith the train in course of bo‚Ä¶,2022-10-04 11:19:01+00:00,1577256976970436608,1551107674418204673,RPF IC NRW,,
96,RT @RPF_INDIA: #RPF #Narishakti yet again came as a blessing in the form of Lady Constable Ruby Kumari who gave a new lease of life to a pa‚Ä¶,2022-10-04 11:18:57+00:00,1577256958339743744,1551107674418204673,RPF IC NRW,,
97,RT @RPF_INDIA: #RPF SI¬†Ashwini Kumar &amp; Sunil Kumar saved¬† the life of a passenger who was being dragged alongwith the train in course of bo‚Ä¶,2022-10-04 11:18:49+00:00,1577256925397282817,722310787537080320,RPF ADI Division.,"Ahmadabad City, India",Official account of RPF/Ahmedabad Div.  Mobile no 09724093713
98,"RT @rpfnr_: *We value your valuables*

Under #OperationAmanat* 
#RPFNR located  unclaimed bag containing valuable articles &amp; mobiles and  r‚Ä¶",2022-10-04 11:18:49+00:00,1577256925255045121,1551107674418204673,RPF IC NRW,,
99,"RT @RailMinIndia: ‡§Æ‡•à‡§Ç ‡§ö‡§æ‡§π‡§§‡§æ ‡§π‡•Ç‡§Ç, ‡§π‡§Æ‡§æ‡§∞‡•á 9‡§µ‡•Ä‡§Ç, 10‡§µ‡•Ä‡§Ç, 11‡§µ‡•Ä‡§Ç, 12‡§µ‡•Ä‡§Ç ‡§ï‡•á ‡§¨‡§ö‡•ç‡§ö‡•á, ‡§π‡§Æ‡§æ‡§∞‡•á ‡§á‡§Ç‡§ú‡•Ä‡§®‡§ø‡§Ø‡§∞‡§ø‡§Ç‡§ó ‡§ï‡•á ‡§∏‡•ç‡§ü‡•Ç‡§°‡•á‡§Ç‡§ü‡•ç‡§∏ ‡§ú‡§æ‡§ï‡§∞ ‡§ï‡•á ‡§Ö‡§ß‡•ç‡§Ø‡§Ø‡§® ‡§ï‡§∞‡•á‡§Ç ‡§ï‡§ø ‡§á‡§§‡§®‡•Ä ‡§ó‡§π‡§∞‡•Ä‚Ä¶",2022-10-04 11:18:42+00:00,1577256894359474178,869543613868285955,Info Jamnagar GoG,,Official Twitter account of information department Jamnagar
